Feature,Importance
ethical_alignment_score,0.7588342413806024
compliance_score,0.10913127629360386
ai_research_output,0.03009970872783127
volatility_score,0.026161409154879252
ai_investment_index,0.025397975987469918
expert_review_score,0.023205659554759978
policy_restrictiveness_score,0.013764068941699835
amendment_count,0.013405659959153434
